{"count":1,"self":17.185592,"total":17.300318,"children":{"InitializeActuators":{"count":1,"self":0.0042759999999999994,"total":0.0042759999999999994,"children":null},"InitializeSensors":{"count":1,"self":0.0037979999999999997,"total":0.0037979999999999997,"children":null},"AgentSendState":{"count":759,"self":0.019427,"total":0.044722,"children":{"CollectObservations":{"count":152,"self":0.00096499999999999993,"total":0.00096499999999999993,"children":null},"CollectDiscreteActionMasks":{"count":152,"self":0.0016079999999999998,"total":0.0016079999999999998,"children":null},"RequestDecision":{"count":152,"self":0.0066409999999999993,"total":0.022722,"children":{"RayPerceptionSensor.Perceive":{"count":304,"self":0.016080999999999998,"total":0.016080999999999998,"children":null}}}}},"DecideAction":{"count":759,"self":0.042907,"total":0.042907,"children":null},"AgentAct":{"count":759,"self":0.017402,"total":0.017402,"children":null}},"gauges":{},"metadata":{"timer_format_version":"0.1.0","start_time_seconds":"1604816934","unity_version":"2018.4.24f1","command_line_arguments":"\/Applications\/Unity\/Hub\/Editor\/2018.4.24f1\/Unity.app\/Contents\/MacOS\/Unity -projectpath \/Users\/myungjin\/Desktop\/aI\/Nabi_MLagents -useHub -hubIPC -cloudEnvironment production -hubSessionId d9870ba0-1b72-11eb-9467-8b247cd4a3e5","communication_protocol_version":"1.1.0","com.unity.ml-agents_version":"1.4.0-preview","scene_name":"PushBlock","end_time_seconds":"1604816951"}}