{
    "name": "root",
    "gauges": {
        "PushBlock.Policy.Entropy.mean": {
            "value": 0.5443688035011292,
            "min": 0.48260074853897095,
            "max": 1.7245793342590332,
            "count": 17
        },
        "PushBlock.Environment.EpisodeLength.mean": {
            "value": 47.83529411764706,
            "min": 35.15792646172393,
            "max": 354.01704545454544,
            "count": 17
        },
        "PushBlock.Policy.GAILValueEstimate.mean": {
            "value": 17.961870193481445,
            "min": 8.533997535705566,
            "max": 32.0463981628418,
            "count": 17
        },
        "PushBlock.Environment.CumulativeReward.mean": {
            "value": 10.22972265012581,
            "min": 1.373202383518219,
            "max": 11.191528550257964,
            "count": 17
        },
        "PushBlock.Policy.GAILReward.mean": {
            "value": 9.263518111403405,
            "min": 7.213553835904709,
            "max": 126.53650564526801,
            "count": 17
        },
        "PushBlock.Losses.ValueLoss.mean": {
            "value": 2.7618536949157715,
            "min": 1.5869026184082031,
            "max": 29.147878646850586,
            "count": 17
        },
        "PushBlock.Losses.PolicyLoss.mean": {
            "value": 0.06928601115942001,
            "min": 0.0672444999217987,
            "max": 0.07209150493144989,
            "count": 17
        },
        "PushBlock.Policy.LearningRate.mean": {
            "value": 0.00028021185426041484,
            "min": 0.00028021185426041484,
            "max": 0.00029939677915535867,
            "count": 17
        },
        "PushBlock.Policy.Epsilon.mean": {
            "value": 0.1934039443731308,
            "min": 0.1934039443731308,
            "max": 0.19979892671108246,
            "count": 17
        },
        "PushBlock.Policy.Beta.mean": {
            "value": 0.009341053664684296,
            "min": 0.009341053664684296,
            "max": 0.0099799120798707,
            "count": 17
        },
        "PushBlock.Losses.GAILLoss.mean": {
            "value": 0.39158979058265686,
            "min": 0.39158979058265686,
            "max": 1.0459905862808228,
            "count": 17
        },
        "PushBlock.Policy.GAILPolicyEstimate.mean": {
            "value": 0.13033738732337952,
            "min": 0.13033738732337952,
            "max": 0.3194795250892639,
            "count": 17
        },
        "PushBlock.Policy.GAILExpertEstimate.mean": {
            "value": 0.8691480755805969,
            "min": 0.6799871325492859,
            "max": 0.8691480755805969,
            "count": 17
        },
        "PushBlock.IsTraining.mean": {
            "value": 1.0,
            "min": 1.0,
            "max": 1.0,
            "count": 17
        }
    },
    "metadata": {
        "timer_format_version": "0.1.0",
        "start_time_seconds": "1606139575",
        "python_version": "3.6.12 |Anaconda, Inc.| (default, Sep  8 2020, 17:50:39) \n[GCC Clang 10.0.0 ]",
        "command_line_arguments": "/anaconda3/envs/ml-agents/bin/mlagents-learn config/PushBlock.yaml",
        "mlagents_version": "0.21.0.dev0",
        "mlagents_envs_version": "0.21.0.dev0",
        "communication_protocol_version": "1.1.0",
        "tensorflow_version": "2.3.0",
        "numpy_version": "1.18.5",
        "end_time_seconds": "1606143309"
    },
    "total": 3734.0236522990162,
    "count": 1,
    "self": 0.025152222020551562,
    "children": {
        "run_training.setup": {
            "total": 0.014477981982054189,
            "count": 1,
            "self": 0.014477981982054189
        },
        "TrainerController.start_learning": {
            "total": 3733.9840220950136,
            "count": 1,
            "self": 4.9054335601395,
            "children": {
                "TrainerController._reset_env": {
                    "total": 14.909248860989464,
                    "count": 1,
                    "self": 9.272025061975,
                    "children": {
                        "demo_to_buffer": {
                            "total": 5.637223799014464,
                            "count": 1,
                            "self": 0.014127529022516683,
                            "children": {
                                "load_demonstration": {
                                    "total": 0.061711121001280844,
                                    "count": 1,
                                    "self": 0.0545911299996078,
                                    "children": {
                                        "read_file": {
                                            "total": 0.007119991001673043,
                                            "count": 1,
                                            "self": 0.007119991001673043
                                        }
                                    }
                                },
                                "make_demo_buffer": {
                                    "total": 5.5613851489906665,
                                    "count": 1,
                                    "self": 0.7934220303432085,
                                    "children": {
                                        "steps_from_proto": {
                                            "total": 4.767963118647458,
                                            "count": 9998,
                                            "self": 1.9933375885884743,
                                            "children": {
                                                "_process_vector_observation": {
                                                    "total": 2.7746255300589837,
                                                    "count": 59988,
                                                    "self": 2.7746255300589837
                                                }
                                            }
                                        }
                                    }
                                }
                            }
                        }
                    }
                },
                "TrainerController.advance": {
                    "total": 3713.3239836718712,
                    "count": 102686,
                    "self": 2.257292463677004,
                    "children": {
                        "env_step": {
                            "total": 3711.0666912081942,
                            "count": 102686,
                            "self": 3512.775789126754,
                            "children": {
                                "SubprocessEnvManager._take_step": {
                                    "total": 195.6540685746295,
                                    "count": 102686,
                                    "self": 5.439522335858783,
                                    "children": {
                                        "TFPolicy.evaluate": {
                                            "total": 190.2145462387707,
                                            "count": 87451,
                                            "self": 190.2145462387707
                                        }
                                    }
                                },
                                "workers": {
                                    "total": 2.6368335068109445,
                                    "count": 102685,
                                    "self": 0.0,
                                    "children": {
                                        "worker_root": {
                                            "total": 3726.8657911195187,
                                            "count": 102685,
                                            "is_parallel": true,
                                            "self": 487.3166811685369,