{
    "name": "root",
    "gauges": {
        "PushBlock.Policy.Entropy.mean": {
            "value": 0.7021625638008118,
            "min": 0.5438234210014343,
            "max": 1.825740098953247,
            "count": 18
        },
        "PushBlock.Policy.GAILValueEstimate.mean": {
            "value": 31.995607376098633,
            "min": 6.944953441619873,
            "max": 41.90530014038086,
            "count": 18
        },
        "PushBlock.Environment.EpisodeLength.mean": {
            "value": 115.99027237354086,
            "min": 69.53846153846153,
            "max": 776.223880597015,
            "count": 18
        },
        "PushBlock.Environment.CumulativeReward.mean": {
            "value": 9.812237120103525,
            "min": 1.3606896799113324,
            "max": 10.707379987621504,
            "count": 18
        },
        "PushBlock.Policy.GAILReward.mean": {
            "value": 48.878316334046374,
            "min": 37.45920774313725,
            "max": 271.7704660772388,
            "count": 18
        },
        "PushBlock.Losses.ValueLoss.mean": {
            "value": 17.63636589050293,
            "min": 6.69232177734375,
            "max": 21.137094497680664,
            "count": 18
        },
        "PushBlock.Losses.PolicyLoss.mean": {
            "value": 0.06869375705718994,
            "min": 0.06661636382341385,
            "max": 0.07110434025526047,
            "count": 18
        },
        "PushBlock.Policy.LearningRate.mean": {
            "value": 0.0002790011640172452,
            "min": 0.0002790011640172452,
            "max": 0.00029935434577055275,
            "count": 18
        },
        "PushBlock.Policy.Epsilon.mean": {
            "value": 0.19300036132335663,
            "min": 0.19300036132335663,
            "max": 0.1997847706079483,
            "count": 18
        },
        "PushBlock.Policy.Beta.mean": {
            "value": 0.009300737641751766,
            "min": 0.009300737641751766,
            "max": 0.009978498332202435,
            "count": 18
        },
        "PushBlock.Losses.GAILLoss.mean": {
            "value": 0.6703633666038513,
            "min": 0.6515540480613708,
            "max": 1.0413050651550293,
            "count": 18
        },
        "PushBlock.Policy.GAILPolicyEstimate.mean": {
            "value": 0.23309709131717682,
            "min": 0.2291204184293747,
            "max": 0.3746865391731262,
            "count": 18
        },
        "PushBlock.Policy.GAILExpertEstimate.mean": {
            "value": 0.7793833017349243,
            "min": 0.6485050916671753,
            "max": 0.7883468270301819,
            "count": 18
        },
        "PushBlock.IsTraining.mean": {
            "value": 1.0,
            "min": 1.0,
            "max": 1.0,
            "count": 18
        }
    },
    "metadata": {
        "timer_format_version": "0.1.0",
        "start_time_seconds": "1605785540",
        "python_version": "3.6.12 |Anaconda, Inc.| (default, Sep  8 2020, 17:50:39) \n[GCC Clang 10.0.0 ]",
        "command_line_arguments": "/anaconda3/envs/ml-agents/bin/mlagents-learn config/PushBlock.yaml",
        "mlagents_version": "0.21.0.dev0",
        "mlagents_envs_version": "0.21.0.dev0",
        "communication_protocol_version": "1.1.0",
        "tensorflow_version": "2.3.0",
        "numpy_version": "1.18.5",
        "end_time_seconds": "1605787957"
    },
    "total": 2416.2787006299986,
    "count": 1,
    "self": 0.025636065998696722,
    "children": {
        "run_training.setup": {
            "total": 0.02041182499669958,
            "count": 1,
            "self": 0.02041182499669958
        },
        "TrainerController.start_learning": {
            "total": 2416.2326527390032,
            "count": 1,
            "self": 3.493463493497984,
            "children": {
                "TrainerController._reset_env": {
                    "total": 13.022837308002636,
                    "count": 1,
                    "self": 8.109555265007657,
                    "children": {
                        "demo_to_buffer": {
                            "total": 4.913282042994979,
                            "count": 1,
                            "self": 0.012234104004164692,
                            "children": {
                                "load_demonstration": {
                                    "total": 0.071482561994344,
                                    "count": 1,
                                    "self": 0.05367042998841498,
                                    "children": {
                                        "read_file": {
                                            "total": 0.017812132005929016,
                                            "count": 1,
                                            "self": 0.017812132005929016
                                        }
                                    }
                                },
                                "make_demo_buffer": {
                                    "total": 4.82956537699647,
                                    "count": 1,
                                    "self": 0.6838981889741262,
                                    "children": {
                                        "steps_from_proto": {
                                            "total": 4.145667188022344,
                                            "count": 9998,
                                            "self": 1.7647377489192877,
                                            "children": {
                                                "_process_vector_observation": {
                                                    "total": 2.380929439103056,
                                                    "count": 59988,
                                                    "self": 2.380929439103056
                                                }
                                            }
                                        }
                                    }
                                }
                            }
                        }
                    }
                },
                "TrainerController.advance": {
                    "total": 2397.8018175115067,
                    "count": 63276,
                    "self": 1.3030469190998701,
                    "children": {
                        "env_step": {
                            "total": 2396.498770592407,
                            "count": 63276,
                            "self": 2242.9049956037125,
                            "children": {
                                "SubprocessEnvManager._take_step": {
                                    "total": 152.0693889903414,
                                    "count": 63276,
                                    "self": 3.757708343611739,
                                    "children": {
                                        "TFPolicy.evaluate": {
                                            "total": 148.31168064672966,
                                            "count": 54941,
                                            "self": 148.31168064672966
                                        }
                                    }
                                },
                                "workers": {
                                    "total": 1.5243859983529546,
                                    "count": 63275,
                                    "self": 0.0,
                                    "children": {
                                        "worker_root": {
                                            "total": 2409.827384504897,
                                            "count": 63275,
                                            "is_parallel": true,
                                            "self": 367.32631250038685,